title,subtitle,pdf,txt,more,fileName,year
DCPD-201600001  - The President's Weekly Address,"Addresses and Remarks. Friday, January 1, 2016.",https://www.gpo.gov/fdsys/pkg/DCPD-201600001/pdf/DCPD-201600001.pdf,https://www.gpo.gov/fdsys/pkg/DCPD-201600001/html/DCPD-201600001.htm,search/pagedetails.action?collectionCode=CPD&browsePath=2016%2F01&granuleId=&packageId=DCPD-201600001&fromBrowse=true,DCPD-201600001,2016
DCPD-201600002  - Remarks Following a Meeting on Gun Violence,"Addresses and Remarks. Monday, January 4, 2016.",https://www.gpo.gov/fdsys/pkg/DCPD-201600002/pdf/DCPD-201600002.pdf,https://www.gpo.gov/fdsys/pkg/DCPD-201600002/html/DCPD-201600002.htm,search/pagedetails.action?collectionCode=CPD&browsePath=2016%2F01&granuleId=&packageId=DCPD-201600002&fromBrowse=true,DCPD-201600002,2016
DCPD-201600003  - Statement on Representative James A. McDermott's Decision Not To Seek Reelection,"Statements by the President. Monday, January 4, 2016.",https://www.gpo.gov/fdsys/pkg/DCPD-201600003/pdf/DCPD-201600003.pdf,https://www.gpo.gov/fdsys/pkg/DCPD-201600003/html/DCPD-201600003.htm,search/pagedetails.action?collectionCode=CPD&browsePath=2016%2F01&granuleId=&packageId=DCPD-201600003&fromBrowse=true,DCPD-201600003,2016
DCPD-201600004  - Memorandum on Promoting Smart Gun Technology,"Communications to Federal Agencies. Monday, January 4, 2016.",https://www.gpo.gov/fdsys/pkg/DCPD-201600004/pdf/DCPD-201600004.pdf,https://www.gpo.gov/fdsys/pkg/DCPD-201600004/html/DCPD-201600004.htm,search/pagedetails.action?collectionCode=CPD&browsePath=2016%2F01&granuleId=&packageId=DCPD-201600004&fromBrowse=true,DCPD-201600004,2016
DCPD-201600005  - Remarks on Gun Violence,"Addresses and Remarks. Tuesday, January 5, 2016.",https://www.gpo.gov/fdsys/pkg/DCPD-201600005/pdf/DCPD-201600005.pdf,https://www.gpo.gov/fdsys/pkg/DCPD-201600005/html/DCPD-201600005.htm,search/pagedetails.action?collectionCode=CPD&browsePath=2016%2F01&granuleId=&packageId=DCPD-201600005&fromBrowse=true,DCPD-201600005,2016
DCPD-201600006  - Statement on Representative Steven J. Israel's Decision Not To Seek Reelection,"Statements by the President. Tuesday, January 5, 2016.",https://www.gpo.gov/fdsys/pkg/DCPD-201600006/pdf/DCPD-201600006.pdf,https://www.gpo.gov/fdsys/pkg/DCPD-201600006/html/DCPD-201600006.htm,search/pagedetails.action?collectionCode=CPD&browsePath=2016%2F01&granuleId=&packageId=DCPD-201600006&fromBrowse=true,DCPD-201600006,2016
DCPD-201600007  - Statement on the Observance of Orthodox Christmas,"Statements by the President. Thursday, January 7, 2016.",https://www.gpo.gov/fdsys/pkg/DCPD-201600007/pdf/DCPD-201600007.pdf,https://www.gpo.gov/fdsys/pkg/DCPD-201600007/html/DCPD-201600007.htm,search/pagedetails.action?collectionCode=CPD&browsePath=2016%2F01&granuleId=&packageId=DCPD-201600007&fromBrowse=true,DCPD-201600007,2016
"DCPD-201600008  - Remarks and a Question-and-Answer Session at CNN's ""Guns in America"" Town Hall Meeting in Fairfax...","Addresses and Remarks. Thursday, January 7, 2016.",https://www.gpo.gov/fdsys/pkg/DCPD-201600008/pdf/DCPD-201600008.pdf,https://www.gpo.gov/fdsys/pkg/DCPD-201600008/html/DCPD-201600008.htm,search/pagedetails.action?collectionCode=CPD&browsePath=2016%2F01&granuleId=&packageId=DCPD-201600008&fromBrowse=true,DCPD-201600008,2016
DCPD-201600009  - Message to the House of Representatives Returning Without Approval the Restoring Americans...,"Bill Signings and Vetoes. Friday, January 8, 2016.",https://www.gpo.gov/fdsys/pkg/DCPD-201600009/pdf/DCPD-201600009.pdf,https://www.gpo.gov/fdsys/pkg/DCPD-201600009/html/DCPD-201600009.htm,search/pagedetails.action?collectionCode=CPD&browsePath=2016%2F01&granuleId=&packageId=DCPD-201600009&fromBrowse=true,DCPD-201600009,2016
DCPD-201600010  - The President's Weekly Address,"Addresses and Remarks. Saturday, January 9, 2016.",https://www.gpo.gov/fdsys/pkg/DCPD-201600010/pdf/DCPD-201600010.pdf,https://www.gpo.gov/fdsys/pkg/DCPD-201600010/html/DCPD-201600010.htm,search/pagedetails.action?collectionCode=CPD&browsePath=2016%2F01&granuleId=&packageId=DCPD-201600010&fromBrowse=true,DCPD-201600010,2016
DCPD-201600011  - Proclamation 9388-To Take Certain Actions Under the African Growth and Opportunity Act,"Proclamations. Monday, January 11, 2016.",https://www.gpo.gov/fdsys/pkg/DCPD-201600011/pdf/DCPD-201600011.pdf,https://www.gpo.gov/fdsys/pkg/DCPD-201600011/html/DCPD-201600011.htm,search/pagedetails.action?collectionCode=CPD&browsePath=2016%2F01&granuleId=&packageId=DCPD-201600011&fromBrowse=true,DCPD-201600011,2016
DCPD-201600012  - Address Before a Joint Session of the Congress on the State of the Union,"Addresses to the Nation. Tuesday, January 12, 2016.",https://www.gpo.gov/fdsys/pkg/DCPD-201600012/pdf/DCPD-201600012.pdf,https://www.gpo.gov/fdsys/pkg/DCPD-201600012/html/DCPD-201600012.htm,search/pagedetails.action?collectionCode=CPD&browsePath=2016%2F01&granuleId=&packageId=DCPD-201600012&fromBrowse=true,DCPD-201600012,2016
"DCPD-201600013  - Remarks at the University of Nebraska Omaha in Omaha, Nebraska","Addresses and Remarks. Wednesday, January 13, 2016.",https://www.gpo.gov/fdsys/pkg/DCPD-201600013/pdf/DCPD-201600013.pdf,https://www.gpo.gov/fdsys/pkg/DCPD-201600013/html/DCPD-201600013.htm,search/pagedetails.action?collectionCode=CPD&browsePath=2016%2F01&granuleId=&packageId=DCPD-201600013&fromBrowse=true,DCPD-201600013,2016
DCPD-201600014  - Memorandum on Unexpected Urgent Refugee and Migration Needs,"Communications to Federal Agencies. Wednesday, January 13, 2016.",https://www.gpo.gov/fdsys/pkg/DCPD-201600014/pdf/DCPD-201600014.pdf,https://www.gpo.gov/fdsys/pkg/DCPD-201600014/html/DCPD-201600014.htm,search/pagedetails.action?collectionCode=CPD&browsePath=2016%2F01&granuleId=&packageId=DCPD-201600014&fromBrowse=true,DCPD-201600014,2016
DCPD-201600015  - Remarks and a Question-and-Answer Session at a Town Hall Meeting at McKinley Senior High School...,"Addresses and Remarks. Thursday, January 14, 2016.",https://www.gpo.gov/fdsys/pkg/DCPD-201600015/pdf/DCPD-201600015.pdf,https://www.gpo.gov/fdsys/pkg/DCPD-201600015/html/DCPD-201600015.htm,search/pagedetails.action?collectionCode=CPD&browsePath=2016%2F01&granuleId=&packageId=DCPD-201600015&fromBrowse=true,DCPD-201600015,2016
"DCPD-201600016  - Proclamation 9389-Religious Freedom Day, 2016","Proclamations. Friday, January 15, 2016.",https://www.gpo.gov/fdsys/pkg/DCPD-201600016/pdf/DCPD-201600016.pdf,https://www.gpo.gov/fdsys/pkg/DCPD-201600016/html/DCPD-201600016.htm,search/pagedetails.action?collectionCode=CPD&browsePath=2016%2F01&granuleId=&packageId=DCPD-201600016&fromBrowse=true,DCPD-201600016,2016
"DCPD-201600017  - Proclamation 9390-Martin Luther King, Jr., Federal Holiday, 2016","Proclamations. Friday, January 15, 2016.",https://www.gpo.gov/fdsys/pkg/DCPD-201600017/pdf/DCPD-201600017.pdf,https://www.gpo.gov/fdsys/pkg/DCPD-201600017/html/DCPD-201600017.htm,search/pagedetails.action?collectionCode=CPD&browsePath=2016%2F01&granuleId=&packageId=DCPD-201600017&fromBrowse=true,DCPD-201600017,2016
DCPD-201600018  - Memorandum on Delegation of Certain Functions and Authorities Under Section 103(b)(2) of the...,"Communications to Federal Agencies. Friday, January 15, 2016.",https://www.gpo.gov/fdsys/pkg/DCPD-201600018/pdf/DCPD-201600018.pdf,https://www.gpo.gov/fdsys/pkg/DCPD-201600018/html/DCPD-201600018.htm,search/pagedetails.action?collectionCode=CPD&browsePath=2016%2F01&granuleId=&packageId=DCPD-201600018&fromBrowse=true,DCPD-201600018,2016
DCPD-201600019  - The President's Weekly Address,"Addresses and Remarks. Saturday, January 16, 2016.",https://www.gpo.gov/fdsys/pkg/DCPD-201600019/pdf/DCPD-201600019.pdf,https://www.gpo.gov/fdsys/pkg/DCPD-201600019/html/DCPD-201600019.htm,search/pagedetails.action?collectionCode=CPD&browsePath=2016%2F01&granuleId=&packageId=DCPD-201600019&fromBrowse=true,DCPD-201600019,2016
"DCPD-201600020  - Executive Order 13716-Revocation of Executive Orders 13574, 13590, 13622, and 13645 With Respect...","Executive Orders. Saturday, January 16, 2016.",https://www.gpo.gov/fdsys/pkg/DCPD-201600020/pdf/DCPD-201600020.pdf,https://www.gpo.gov/fdsys/pkg/DCPD-201600020/html/DCPD-201600020.htm,search/pagedetails.action?collectionCode=CPD&browsePath=2016%2F01&granuleId=&packageId=DCPD-201600020&fromBrowse=true,DCPD-201600020,2016
"DCPD-201600021  - Letter to Congressional Leaders on Revocation of Executive Orders 13574, 13590, 13622, and 13645...","Communications to Congress. Saturday, January 16, 2016.",https://www.gpo.gov/fdsys/pkg/DCPD-201600021/pdf/DCPD-201600021.pdf,https://www.gpo.gov/fdsys/pkg/DCPD-201600021/html/DCPD-201600021.htm,search/pagedetails.action?collectionCode=CPD&browsePath=2016%2F01&granuleId=&packageId=DCPD-201600021&fromBrowse=true,DCPD-201600021,2016
DCPD-201600022  - Remarks on Iran,"Addresses and Remarks. Sunday, January 17, 2016.",https://www.gpo.gov/fdsys/pkg/DCPD-201600022/pdf/DCPD-201600022.pdf,https://www.gpo.gov/fdsys/pkg/DCPD-201600022/html/DCPD-201600022.htm,search/pagedetails.action?collectionCode=CPD&browsePath=2016%2F01&granuleId=&packageId=DCPD-201600022&fromBrowse=true,DCPD-201600022,2016
DCPD-201600023  - Remarks Prior to a Meeting With Prime Minister Malcolm B. Turnbull of Australia,"Meetings With Foreign Leaders and International Officials. Tuesday, January 19, 2016.",https://www.gpo.gov/fdsys/pkg/DCPD-201600023/pdf/DCPD-201600023.pdf,https://www.gpo.gov/fdsys/pkg/DCPD-201600023/html/DCPD-201600023.htm,search/pagedetails.action?collectionCode=CPD&browsePath=2016%2F01&granuleId=&packageId=DCPD-201600023&fromBrowse=true,DCPD-201600023,2016
DCPD-201600024  - Message to the Senate Returning Without Approval Legislation Regarding Congressional Disapproval...,"Bill Signings and Vetoes. Tuesday, January 19, 2016.",https://www.gpo.gov/fdsys/pkg/DCPD-201600024/pdf/DCPD-201600024.pdf,https://www.gpo.gov/fdsys/pkg/DCPD-201600024/html/DCPD-201600024.htm,search/pagedetails.action?collectionCode=CPD&browsePath=2016%2F01&granuleId=&packageId=DCPD-201600024&fromBrowse=true,DCPD-201600024,2016
"DCPD-201600025  - Remarks in Detroit, Michigan","Addresses and Remarks. Wednesday, January 20, 2016.",https://www.gpo.gov/fdsys/pkg/DCPD-201600025/pdf/DCPD-201600025.pdf,https://www.gpo.gov/fdsys/pkg/DCPD-201600025/html/DCPD-201600025.htm,search/pagedetails.action?collectionCode=CPD&browsePath=2016%2F01&granuleId=&packageId=DCPD-201600025&fromBrowse=true,DCPD-201600025,2016
DCPD-201600026  - Notice-Continuation of the National Emergency With Respect to Terrorists Who Threaten To Disrupt...,"Notices. Wednesday, January 20, 2016.",https://www.gpo.gov/fdsys/pkg/DCPD-201600026/pdf/DCPD-201600026.pdf,https://www.gpo.gov/fdsys/pkg/DCPD-201600026/html/DCPD-201600026.htm,search/pagedetails.action?collectionCode=CPD&browsePath=2016%2F01&granuleId=&packageId=DCPD-201600026&fromBrowse=true,DCPD-201600026,2016
DCPD-201600027  - Letter to Congressional Leaders on Continuation of the National Emergency With Respect To...,"Communications to Congress. Wednesday, January 20, 2016.",https://www.gpo.gov/fdsys/pkg/DCPD-201600027/pdf/DCPD-201600027.pdf,https://www.gpo.gov/fdsys/pkg/DCPD-201600027/html/DCPD-201600027.htm,search/pagedetails.action?collectionCode=CPD&browsePath=2016%2F01&granuleId=&packageId=DCPD-201600027&fromBrowse=true,DCPD-201600027,2016
DCPD-201600028  - Remarks to the United States Conference of Mayors,"Addresses and Remarks. Thursday, January 21, 2016.",https://www.gpo.gov/fdsys/pkg/DCPD-201600028/pdf/DCPD-201600028.pdf,https://www.gpo.gov/fdsys/pkg/DCPD-201600028/html/DCPD-201600028.htm,search/pagedetails.action?collectionCode=CPD&browsePath=2016%2F01&granuleId=&packageId=DCPD-201600028&fromBrowse=true,DCPD-201600028,2016
DCPD-201600029  - Memorandum on Delegation of Authority Under the National Defense Authorization Act for Fiscal...,"Communications to Federal Agencies. Thursday, January 21, 2016.",https://www.gpo.gov/fdsys/pkg/DCPD-201600029/pdf/DCPD-201600029.pdf,https://www.gpo.gov/fdsys/pkg/DCPD-201600029/html/DCPD-201600029.htm,search/pagedetails.action?collectionCode=CPD&browsePath=2016%2F01&granuleId=&packageId=DCPD-201600029&fromBrowse=true,DCPD-201600029,2016
DCPD-201600030  - Statement on the 43d Anniversary of the Supreme Court Decision in,"Statements by the President. Friday, January 22, 2016.",https://www.gpo.gov/fdsys/pkg/DCPD-201600030/pdf/DCPD-201600030.pdf,https://www.gpo.gov/fdsys/pkg/DCPD-201600030/html/DCPD-201600030.htm,search/pagedetails.action?collectionCode=CPD&browsePath=2016%2F01&granuleId=&packageId=DCPD-201600030&fromBrowse=true,DCPD-201600030,2016
DCPD-201600031  - Statement on the Crash of Two United States Marine Corps CH-53E Helicopters in Hawaii,"Statements by the President. Friday, January 22, 2016.",https://www.gpo.gov/fdsys/pkg/DCPD-201600031/pdf/DCPD-201600031.pdf,https://www.gpo.gov/fdsys/pkg/DCPD-201600031/html/DCPD-201600031.htm,search/pagedetails.action?collectionCode=CPD&browsePath=2016%2F01&granuleId=&packageId=DCPD-201600031&fromBrowse=true,DCPD-201600031,2016
DCPD-201600032  - The President's Weekly Address,"Addresses and Remarks. Saturday, January 23, 2016.",https://www.gpo.gov/fdsys/pkg/DCPD-201600032/pdf/DCPD-201600032.pdf,https://www.gpo.gov/fdsys/pkg/DCPD-201600032/html/DCPD-201600032.htm,search/pagedetails.action?collectionCode=CPD&browsePath=2016%2F01&granuleId=&packageId=DCPD-201600032&fromBrowse=true,DCPD-201600032,2016
DCPD-201600033  - Remarks at a Ceremony Honoring Recipients of the Righteous Among the Nations Medal at the Embassy...,"Addresses and Remarks. Wednesday, January 27, 2016.",https://www.gpo.gov/fdsys/pkg/DCPD-201600033/pdf/DCPD-201600033.pdf,https://www.gpo.gov/fdsys/pkg/DCPD-201600033/html/DCPD-201600033.htm,search/pagedetails.action?collectionCode=CPD&browsePath=2016%2F01&granuleId=&packageId=DCPD-201600033&fromBrowse=true,DCPD-201600033,2016
DCPD-201600034  - Memorandum on the White House Cancer Moonshot Task Force,"Communications to Federal Agencies. Thursday, January 28, 2016.",https://www.gpo.gov/fdsys/pkg/DCPD-201600034/pdf/DCPD-201600034.pdf,https://www.gpo.gov/fdsys/pkg/DCPD-201600034/html/DCPD-201600034.htm,search/pagedetails.action?collectionCode=CPD&browsePath=2016%2F01&granuleId=&packageId=DCPD-201600034&fromBrowse=true,DCPD-201600034,2016
"DCPD-201600035  - Remarks at the House Democratic Issues Conference in Baltimore, Maryland","Addresses and Remarks. Thursday, January 28, 2016.",https://www.gpo.gov/fdsys/pkg/DCPD-201600035/pdf/DCPD-201600035.pdf,https://www.gpo.gov/fdsys/pkg/DCPD-201600035/html/DCPD-201600035.htm,search/pagedetails.action?collectionCode=CPD&browsePath=2016%2F01&granuleId=&packageId=DCPD-201600035&fromBrowse=true,DCPD-201600035,2016
DCPD-201600036  - Remarks Commemorating the Seventh Anniversary of the Lilly Ledbetter Fair Pay Act,"Addresses and Remarks. Friday, January 29, 2016.",https://www.gpo.gov/fdsys/pkg/DCPD-201600036/pdf/DCPD-201600036.pdf,https://www.gpo.gov/fdsys/pkg/DCPD-201600036/html/DCPD-201600036.htm,search/pagedetails.action?collectionCode=CPD&browsePath=2016%2F01&granuleId=&packageId=DCPD-201600036&fromBrowse=true,DCPD-201600036,2016
DCPD-201600037  - Statement on the Resignation of Katherine Beirne Fallon as White House Director of Legislative...,"Resignations and Retirements. Friday, January 29, 2016.",https://www.gpo.gov/fdsys/pkg/DCPD-201600037/pdf/DCPD-201600037.pdf,https://www.gpo.gov/fdsys/pkg/DCPD-201600037/html/DCPD-201600037.htm,search/pagedetails.action?collectionCode=CPD&browsePath=2016%2F01&granuleId=&packageId=DCPD-201600037&fromBrowse=true,DCPD-201600037,2016
"DCPD-201600038  - Proclamation 9391-American Heart Month, 2016","Proclamations. Friday, January 29, 2016.",https://www.gpo.gov/fdsys/pkg/DCPD-201600038/pdf/DCPD-201600038.pdf,https://www.gpo.gov/fdsys/pkg/DCPD-201600038/html/DCPD-201600038.htm,search/pagedetails.action?collectionCode=CPD&browsePath=2016%2F01&granuleId=&packageId=DCPD-201600038&fromBrowse=true,DCPD-201600038,2016
"DCPD-201600039  - Proclamation 9392-National African American History Month, 2016","Proclamations. Friday, January 29, 2016.",https://www.gpo.gov/fdsys/pkg/DCPD-201600039/pdf/DCPD-201600039.pdf,https://www.gpo.gov/fdsys/pkg/DCPD-201600039/html/DCPD-201600039.htm,search/pagedetails.action?collectionCode=CPD&browsePath=2016%2F01&granuleId=&packageId=DCPD-201600039&fromBrowse=true,DCPD-201600039,2016
"DCPD-201600040  - Proclamation 9393-National Teen Dating Violence Awareness and Prevention Month, 2016","Proclamations. Friday, January 29, 2016.",https://www.gpo.gov/fdsys/pkg/DCPD-201600040/pdf/DCPD-201600040.pdf,https://www.gpo.gov/fdsys/pkg/DCPD-201600040/html/DCPD-201600040.htm,search/pagedetails.action?collectionCode=CPD&browsePath=2016%2F01&granuleId=&packageId=DCPD-201600040&fromBrowse=true,DCPD-201600040,2016
DCPD-201600041  - Memorandum on Delegation of Certain Authority and Assignment of Certain Functions Under Section...,"Communications to Federal Agencies. Friday, January 29, 2016.",https://www.gpo.gov/fdsys/pkg/DCPD-201600041/pdf/DCPD-201600041.pdf,https://www.gpo.gov/fdsys/pkg/DCPD-201600041/html/DCPD-201600041.htm,search/pagedetails.action?collectionCode=CPD&browsePath=2016%2F01&granuleId=&packageId=DCPD-201600041&fromBrowse=true,DCPD-201600041,2016
DCPD-201600042  - The President's Weekly Address,"Addresses and Remarks. Saturday, January 30, 2016.",https://www.gpo.gov/fdsys/pkg/DCPD-201600042/pdf/DCPD-201600042.pdf,https://www.gpo.gov/fdsys/pkg/DCPD-201600042/html/DCPD-201600042.htm,search/pagedetails.action?collectionCode=CPD&browsePath=2016%2F01&granuleId=&packageId=DCPD-201600042&fromBrowse=true,DCPD-201600042,2016
DCPD-201600043  - Message to the Congress Transmitting the Hungary-United States Social Security Agreement,"Communications to Congress. Monday, February 1, 2016.",https://www.gpo.gov/fdsys/pkg/DCPD-201600043/pdf/DCPD-201600043.pdf,https://www.gpo.gov/fdsys/pkg/DCPD-201600043/html/DCPD-201600043.htm,search/pagedetails.action?collectionCode=CPD&browsePath=2016%2F02&granuleId=&packageId=DCPD-201600043&fromBrowse=true,DCPD-201600043,2016
DCPD-201600044  - Statement on the European Reassurance Initiative,"Statements by the President. Tuesday, February 2, 2016.",https://www.gpo.gov/fdsys/pkg/DCPD-201600044/pdf/DCPD-201600044.pdf,https://www.gpo.gov/fdsys/pkg/DCPD-201600044/html/DCPD-201600044.htm,search/pagedetails.action?collectionCode=CPD&browsePath=2016%2F02&granuleId=&packageId=DCPD-201600044&fromBrowse=true,DCPD-201600044,2016
DCPD-201600045  - Executive Order 13717-Establishing a Federal Earthquake Risk Management Standard,"Executive Orders. Tuesday, February 2, 2016.",https://www.gpo.gov/fdsys/pkg/DCPD-201600045/pdf/DCPD-201600045.pdf,https://www.gpo.gov/fdsys/pkg/DCPD-201600045/html/DCPD-201600045.htm,search/pagedetails.action?collectionCode=CPD&browsePath=2016%2F02&granuleId=&packageId=DCPD-201600045&fromBrowse=true,DCPD-201600045,2016
DCPD-201600046  - Message to the Congress Transmitting the District of Columbia's Fiscal Year 2016 Budget Request,"Communications to Congress. Tuesday, February 2, 2016.",https://www.gpo.gov/fdsys/pkg/DCPD-201600046/pdf/DCPD-201600046.pdf,https://www.gpo.gov/fdsys/pkg/DCPD-201600046/html/DCPD-201600046.htm,search/pagedetails.action?collectionCode=CPD&browsePath=2016%2F02&granuleId=&packageId=DCPD-201600046&fromBrowse=true,DCPD-201600046,2016
"DCPD-201600047  - Remarks at the Islamic Society of Baltimore in Catonsville, Maryland","Addresses and Remarks. Wednesday, February 3, 2016.",https://www.gpo.gov/fdsys/pkg/DCPD-201600047/pdf/DCPD-201600047.pdf,https://www.gpo.gov/fdsys/pkg/DCPD-201600047/html/DCPD-201600047.htm,search/pagedetails.action?collectionCode=CPD&browsePath=2016%2F02&granuleId=&packageId=DCPD-201600047&fromBrowse=true,DCPD-201600047,2016
DCPD-201600048  - Statement on the Signing of the Trans-Pacific Partnership,"Statements by the President. Wednesday, February 3, 2016.",https://www.gpo.gov/fdsys/pkg/DCPD-201600048/pdf/DCPD-201600048.pdf,https://www.gpo.gov/fdsys/pkg/DCPD-201600048/html/DCPD-201600048.htm,search/pagedetails.action?collectionCode=CPD&browsePath=2016%2F02&granuleId=&packageId=DCPD-201600048&fromBrowse=true,DCPD-201600048,2016
DCPD-201600049  - Notice-Continuation of the National Emergency With Respect to the Situation in or in Relation to...,"Notices. Wednesday, February 3, 2016.",https://www.gpo.gov/fdsys/pkg/DCPD-201600049/pdf/DCPD-201600049.pdf,https://www.gpo.gov/fdsys/pkg/DCPD-201600049/html/DCPD-201600049.htm,search/pagedetails.action?collectionCode=CPD&browsePath=2016%2F02&granuleId=&packageId=DCPD-201600049&fromBrowse=true,DCPD-201600049,2016
DCPD-201600050  - Message to the Congress on Continuation of the National Emergency With Respect to the Situation...,"Communications to Congress. Wednesday, February 3, 2016.",https://www.gpo.gov/fdsys/pkg/DCPD-201600050/pdf/DCPD-201600050.pdf,https://www.gpo.gov/fdsys/pkg/DCPD-201600050/html/DCPD-201600050.htm,search/pagedetails.action?collectionCode=CPD&browsePath=2016%2F02&granuleId=&packageId=DCPD-201600050&fromBrowse=true,DCPD-201600050,2016
DCPD-201600051  - Remarks at the National Prayer Breakfast,"Addresses and Remarks. Thursday, February 4, 2016.",https://www.gpo.gov/fdsys/pkg/DCPD-201600051/pdf/DCPD-201600051.pdf,https://www.gpo.gov/fdsys/pkg/DCPD-201600051/html/DCPD-201600051.htm,search/pagedetails.action?collectionCode=CPD&browsePath=2016%2F02&granuleId=&packageId=DCPD-201600051&fromBrowse=true,DCPD-201600051,2016
DCPD-201600052  - Remarks Honoring the 2015 National Basketball Association Champion Golden State Warriors,"Addresses and Remarks. Thursday, February 4, 2016.",https://www.gpo.gov/fdsys/pkg/DCPD-201600052/pdf/DCPD-201600052.pdf,https://www.gpo.gov/fdsys/pkg/DCPD-201600052/html/DCPD-201600052.htm,search/pagedetails.action?collectionCode=CPD&browsePath=2016%2F02&granuleId=&packageId=DCPD-201600052&fromBrowse=true,DCPD-201600052,2016
DCPD-201600053  - Remarks at a Plan Colombia Reception With President Juan Manuel Santos Calderon of Colombia,"Addresses and Remarks. Thursday, February 4, 2016.",https://www.gpo.gov/fdsys/pkg/DCPD-201600053/pdf/DCPD-201600053.pdf,https://www.gpo.gov/fdsys/pkg/DCPD-201600053/html/DCPD-201600053.htm,search/pagedetails.action?collectionCode=CPD&browsePath=2016%2F02&granuleId=&packageId=DCPD-201600053&fromBrowse=true,DCPD-201600053,2016
DCPD-201600054  - Remarks on the Economy and an Exchange With Reporters,"Addresses and Remarks. Friday, February 5, 2016.",https://www.gpo.gov/fdsys/pkg/DCPD-201600054/pdf/DCPD-201600054.pdf,https://www.gpo.gov/fdsys/pkg/DCPD-201600054/html/DCPD-201600054.htm,search/pagedetails.action?collectionCode=CPD&browsePath=2016%2F02&granuleId=&packageId=DCPD-201600054&fromBrowse=true,DCPD-201600054,2016
DCPD-201600055  - Statement on the International Day of Zero Tolerance for Female Genital Mutilation/Cutting,"Statements by the President. Friday, February 5, 2016.",https://www.gpo.gov/fdsys/pkg/DCPD-201600055/pdf/DCPD-201600055.pdf,https://www.gpo.gov/fdsys/pkg/DCPD-201600055/html/DCPD-201600055.htm,search/pagedetails.action?collectionCode=CPD&browsePath=2016%2F02&granuleId=&packageId=DCPD-201600055&fromBrowse=true,DCPD-201600055,2016
DCPD-201600056  - The President's Weekly Address,"Addresses and Remarks. Saturday, February 6, 2016.",https://www.gpo.gov/fdsys/pkg/DCPD-201600056/pdf/DCPD-201600056.pdf,https://www.gpo.gov/fdsys/pkg/DCPD-201600056/html/DCPD-201600056.htm,search/pagedetails.action?collectionCode=CPD&browsePath=2016%2F02&granuleId=&packageId=DCPD-201600056&fromBrowse=true,DCPD-201600056,2016
DCPD-201600057  - Remarks Following a Meeting With President Sergio Mattarella of Italy,"Meetings With Foreign Leaders and International Officials. Monday, February 8, 2016.",https://www.gpo.gov/fdsys/pkg/DCPD-201600057/pdf/DCPD-201600057.pdf,https://www.gpo.gov/fdsys/pkg/DCPD-201600057/html/DCPD-201600057.htm,search/pagedetails.action?collectionCode=CPD&browsePath=2016%2F02&granuleId=&packageId=DCPD-201600057&fromBrowse=true,DCPD-201600057,2016
DCPD-201600058  - Remarks Announcing New Cybersecurity Policy Initiatives,"Addresses and Remarks. Tuesday, February 9, 2016.",https://www.gpo.gov/fdsys/pkg/DCPD-201600058/pdf/DCPD-201600058.pdf,https://www.gpo.gov/fdsys/pkg/DCPD-201600058/html/DCPD-201600058.htm,search/pagedetails.action?collectionCode=CPD&browsePath=2016%2F02&granuleId=&packageId=DCPD-201600058&fromBrowse=true,DCPD-201600058,2016
DCPD-201600059  - Executive Order 13718-Commission on Enhancing National Cybersecurity,"Executive Orders. Tuesday, February 9, 2016.",https://www.gpo.gov/fdsys/pkg/DCPD-201600059/pdf/DCPD-201600059.pdf,https://www.gpo.gov/fdsys/pkg/DCPD-201600059/html/DCPD-201600059.htm,search/pagedetails.action?collectionCode=CPD&browsePath=2016%2F02&granuleId=&packageId=DCPD-201600059&fromBrowse=true,DCPD-201600059,2016
DCPD-201600060  - Executive Order 13719-Establishment of the Federal Privacy Council,"Executive Orders. Tuesday, February 9, 2016.",https://www.gpo.gov/fdsys/pkg/DCPD-201600060/pdf/DCPD-201600060.pdf,https://www.gpo.gov/fdsys/pkg/DCPD-201600060/html/DCPD-201600060.htm,search/pagedetails.action?collectionCode=CPD&browsePath=2016%2F02&granuleId=&packageId=DCPD-201600060&fromBrowse=true,DCPD-201600060,2016
DCPD-201600061  - Sequestration Order for Fiscal Year 2017 Pursuant to Section 251A of the Balanced Budget and...,"Orders. Tuesday, February 9, 2016.",https://www.gpo.gov/fdsys/pkg/DCPD-201600061/pdf/DCPD-201600061.pdf,https://www.gpo.gov/fdsys/pkg/DCPD-201600061/html/DCPD-201600061.htm,search/pagedetails.action?collectionCode=CPD&browsePath=2016%2F02&granuleId=&packageId=DCPD-201600061&fromBrowse=true,DCPD-201600061,2016
"DCPD-201600062  - Remarks to the Illinois General Assembly in Springfield, Illinois","Addresses and Remarks. Wednesday, February 10, 2016.",https://www.gpo.gov/fdsys/pkg/DCPD-201600062/pdf/DCPD-201600062.pdf,https://www.gpo.gov/fdsys/pkg/DCPD-201600062/html/DCPD-201600062.htm,search/pagedetails.action?collectionCode=CPD&browsePath=2016%2F02&granuleId=&packageId=DCPD-201600062&fromBrowse=true,DCPD-201600062,2016
DCPD-201600063  - Statement on the Observance of Ash Wednesday,"Statements by the President. Wednesday, February 10, 2016.",https://www.gpo.gov/fdsys/pkg/DCPD-201600063/pdf/DCPD-201600063.pdf,https://www.gpo.gov/fdsys/pkg/DCPD-201600063/html/DCPD-201600063.htm,search/pagedetails.action?collectionCode=CPD&browsePath=2016%2F02&granuleId=&packageId=DCPD-201600063&fromBrowse=true,DCPD-201600063,2016
DCPD-201600064  - Message to the Senate Transmitting the Marrakesh Treaty To Facilitate Access to Published Works...,"Communications to Congress. Wednesday, February 10, 2016.",https://www.gpo.gov/fdsys/pkg/DCPD-201600064/pdf/DCPD-201600064.pdf,https://www.gpo.gov/fdsys/pkg/DCPD-201600064/html/DCPD-201600064.htm,search/pagedetails.action?collectionCode=CPD&browsePath=2016%2F02&granuleId=&packageId=DCPD-201600064&fromBrowse=true,DCPD-201600064,2016
DCPD-201600065  - Message to the Senate Transmitting the United Nations Convention on Independent Guarantees and...,"Communications to Congress. Wednesday, February 10, 2016.",https://www.gpo.gov/fdsys/pkg/DCPD-201600065/pdf/DCPD-201600065.pdf,https://www.gpo.gov/fdsys/pkg/DCPD-201600065/html/DCPD-201600065.htm,search/pagedetails.action?collectionCode=CPD&browsePath=2016%2F02&granuleId=&packageId=DCPD-201600065&fromBrowse=true,DCPD-201600065,2016
DCPD-201600066  - Message to the Senate Transmitting the Dominican Republic-United States Extradition Treaty,"Communications to Congress. Wednesday, February 10, 2016.",https://www.gpo.gov/fdsys/pkg/DCPD-201600066/pdf/DCPD-201600066.pdf,https://www.gpo.gov/fdsys/pkg/DCPD-201600066/html/DCPD-201600066.htm,search/pagedetails.action?collectionCode=CPD&browsePath=2016%2F02&granuleId=&packageId=DCPD-201600066&fromBrowse=true,DCPD-201600066,2016
DCPD-201600067  - Message to the Senate Transmitting the United Nations Convention on the Assignment of Receivables...,"Communications to Congress. Wednesday, February 10, 2016.",https://www.gpo.gov/fdsys/pkg/DCPD-201600067/pdf/DCPD-201600067.pdf,https://www.gpo.gov/fdsys/pkg/DCPD-201600067/html/DCPD-201600067.htm,search/pagedetails.action?collectionCode=CPD&browsePath=2016%2F02&granuleId=&packageId=DCPD-201600067&fromBrowse=true,DCPD-201600067,2016
DCPD-201600068  - Message to the Senate Transmitting the Beijing Treaty on Audiovisual Performances,"Communications to Congress. Wednesday, February 10, 2016.",https://www.gpo.gov/fdsys/pkg/DCPD-201600068/pdf/DCPD-201600068.pdf,https://www.gpo.gov/fdsys/pkg/DCPD-201600068/html/DCPD-201600068.htm,search/pagedetails.action?collectionCode=CPD&browsePath=2016%2F02&granuleId=&packageId=DCPD-201600068&fromBrowse=true,DCPD-201600068,2016
DCPD-201600069  - Message to the Senate Transmitting the United Nations Convention on the Use of Electronic...,"Communications to Congress. Wednesday, February 10, 2016.",https://www.gpo.gov/fdsys/pkg/DCPD-201600069/pdf/DCPD-201600069.pdf,https://www.gpo.gov/fdsys/pkg/DCPD-201600069/html/DCPD-201600069.htm,search/pagedetails.action?collectionCode=CPD&browsePath=2016%2F02&granuleId=&packageId=DCPD-201600069&fromBrowse=true,DCPD-201600069,2016
"DCPD-201600070  - Remarks at a Democratic Hope Fund Reception in Los Angeles, California","Addresses and Remarks. Thursday, February 11, 2016.",https://www.gpo.gov/fdsys/pkg/DCPD-201600070/pdf/DCPD-201600070.pdf,https://www.gpo.gov/fdsys/pkg/DCPD-201600070/html/DCPD-201600070.htm,search/pagedetails.action?collectionCode=CPD&browsePath=2016%2F02&granuleId=&packageId=DCPD-201600070&fromBrowse=true,DCPD-201600070,2016
"DCPD-201600071  - Remarks at a Democratic Hope Fund Dinner in Los Angeles, California","Addresses and Remarks. Thursday, February 11, 2016.",https://www.gpo.gov/fdsys/pkg/DCPD-201600071/pdf/DCPD-201600071.pdf,https://www.gpo.gov/fdsys/pkg/DCPD-201600071/html/DCPD-201600071.htm,search/pagedetails.action?collectionCode=CPD&browsePath=2016%2F02&granuleId=&packageId=DCPD-201600071&fromBrowse=true,DCPD-201600071,2016
"DCPD-201600072  - Remarks at a Democratic National Committee Reception in Atherton, California","Addresses and Remarks. Thursday, February 11, 2016.",https://www.gpo.gov/fdsys/pkg/DCPD-201600072/pdf/DCPD-201600072.pdf,https://www.gpo.gov/fdsys/pkg/DCPD-201600072/html/DCPD-201600072.htm,search/pagedetails.action?collectionCode=CPD&browsePath=2016%2F02&granuleId=&packageId=DCPD-201600072&fromBrowse=true,DCPD-201600072,2016
DCPD-201600073  - Proclamation 9394-Establishment of the Castle Mountains National Monument,"Proclamations. Friday, February 12, 2016.",https://www.gpo.gov/fdsys/pkg/DCPD-201600073/pdf/DCPD-201600073.pdf,https://www.gpo.gov/fdsys/pkg/DCPD-201600073/html/DCPD-201600073.htm,search/pagedetails.action?collectionCode=CPD&browsePath=2016%2F02&granuleId=&packageId=DCPD-201600073&fromBrowse=true,DCPD-201600073,2016
DCPD-201600074  - Proclamation 9395-Establishment of the Mojave Trails National Monument,"Proclamations. Friday, February 12, 2016.",https://www.gpo.gov/fdsys/pkg/DCPD-201600074/pdf/DCPD-201600074.pdf,https://www.gpo.gov/fdsys/pkg/DCPD-201600074/html/DCPD-201600074.htm,search/pagedetails.action?collectionCode=CPD&browsePath=2016%2F02&granuleId=&packageId=DCPD-201600074&fromBrowse=true,DCPD-201600074,2016
DCPD-201600075  - Proclamation 9396-Establishment of the Sand to Snow National Monument,"Proclamations. Friday, February 12, 2016.",https://www.gpo.gov/fdsys/pkg/DCPD-201600075/pdf/DCPD-201600075.pdf,https://www.gpo.gov/fdsys/pkg/DCPD-201600075/html/DCPD-201600075.htm,search/pagedetails.action?collectionCode=CPD&browsePath=2016%2F02&granuleId=&packageId=DCPD-201600075&fromBrowse=true,DCPD-201600075,2016
DCPD-201600076  - The President's Weekly Address,"Addresses and Remarks. Saturday, February 13, 2016.",https://www.gpo.gov/fdsys/pkg/DCPD-201600076/pdf/DCPD-201600076.pdf,https://www.gpo.gov/fdsys/pkg/DCPD-201600076/html/DCPD-201600076.htm,search/pagedetails.action?collectionCode=CPD&browsePath=2016%2F02&granuleId=&packageId=DCPD-201600076&fromBrowse=true,DCPD-201600076,2016
DCPD-201600077  - Remarks on the Death of Supreme Court Associate Justice Antonin G. Scalia in Rancho Mirage...,"Addresses and Remarks. Saturday, February 13, 2016.",https://www.gpo.gov/fdsys/pkg/DCPD-201600077/pdf/DCPD-201600077.pdf,https://www.gpo.gov/fdsys/pkg/DCPD-201600077/html/DCPD-201600077.htm,search/pagedetails.action?collectionCode=CPD&browsePath=2016%2F02&granuleId=&packageId=DCPD-201600077&fromBrowse=true,DCPD-201600077,2016
DCPD-201600078  - Proclamation 9397-Death of Antonin Scalia,"Proclamations. Saturday, February 13, 2016.",https://www.gpo.gov/fdsys/pkg/DCPD-201600078/pdf/DCPD-201600078.pdf,https://www.gpo.gov/fdsys/pkg/DCPD-201600078/html/DCPD-201600078.htm,search/pagedetails.action?collectionCode=CPD&browsePath=2016%2F02&granuleId=&packageId=DCPD-201600078&fromBrowse=true,DCPD-201600078,2016
"DCPD-201600079  - Remarks in Springfield, Illinois","Addresses and Remarks. Wednesday, February 10, 2016.",https://www.gpo.gov/fdsys/pkg/DCPD-201600079/pdf/DCPD-201600079.pdf,https://www.gpo.gov/fdsys/pkg/DCPD-201600079/html/DCPD-201600079.htm,search/pagedetails.action?collectionCode=CPD&browsePath=2016%2F02&granuleId=&packageId=DCPD-201600079&fromBrowse=true,DCPD-201600079,2016
DCPD-201600080  - Remarks at the Opening Session of the United States-Association of Southeast Asian Nations Summit...,"Addresses and Remarks. Monday, February 15, 2016.",https://www.gpo.gov/fdsys/pkg/DCPD-201600080/pdf/DCPD-201600080.pdf,https://www.gpo.gov/fdsys/pkg/DCPD-201600080/html/DCPD-201600080.htm,search/pagedetails.action?collectionCode=CPD&browsePath=2016%2F02&granuleId=&packageId=DCPD-201600080&fromBrowse=true,DCPD-201600080,2016
"DCPD-201600081  - The President's News Conference in Rancho Mirage, California","Interviews With the News Media. Tuesday, February 16, 2016.",https://www.gpo.gov/fdsys/pkg/DCPD-201600081/pdf/DCPD-201600081.pdf,https://www.gpo.gov/fdsys/pkg/DCPD-201600081/html/DCPD-201600081.htm,search/pagedetails.action?collectionCode=CPD&browsePath=2016%2F02&granuleId=&packageId=DCPD-201600081&fromBrowse=true,DCPD-201600081,2016
DCPD-201600082  - Joint Statement of the United States-Association of Southeast Asian Nations Special Leaders...,"Joint Statements. Tuesday, February 16, 2016.",https://www.gpo.gov/fdsys/pkg/DCPD-201600082/pdf/DCPD-201600082.pdf,https://www.gpo.gov/fdsys/pkg/DCPD-201600082/html/DCPD-201600082.htm,search/pagedetails.action?collectionCode=CPD&browsePath=2016%2F02&granuleId=&packageId=DCPD-201600082&fromBrowse=true,DCPD-201600082,2016
DCPD-201600083  - Remarks on the Appointment of Thomas E. Donilon as Chair and Samuel J. Palmisano as Vice Chair of...,"Appointments and Nominations. Wednesday, February 17, 2016.",https://www.gpo.gov/fdsys/pkg/DCPD-201600083/pdf/DCPD-201600083.pdf,https://www.gpo.gov/fdsys/pkg/DCPD-201600083/html/DCPD-201600083.htm,search/pagedetails.action?collectionCode=CPD&browsePath=2016%2F02&granuleId=&packageId=DCPD-201600083&fromBrowse=true,DCPD-201600083,2016
DCPD-201600084  - Remarks Honoring the 2015 Stanley Cup Champion Chicago Blackhawks,"Addresses and Remarks. Thursday, February 18, 2016.",https://www.gpo.gov/fdsys/pkg/DCPD-201600084/pdf/DCPD-201600084.pdf,https://www.gpo.gov/fdsys/pkg/DCPD-201600084/html/DCPD-201600084.htm,search/pagedetails.action?collectionCode=CPD&browsePath=2016%2F02&granuleId=&packageId=DCPD-201600084&fromBrowse=true,DCPD-201600084,2016
DCPD-201600085  - Remarks Following a Meeting With African American Faith and Civil Rights Leaders,"Addresses and Remarks. Thursday, February 18, 2016.",https://www.gpo.gov/fdsys/pkg/DCPD-201600085/pdf/DCPD-201600085.pdf,https://www.gpo.gov/fdsys/pkg/DCPD-201600085/html/DCPD-201600085.htm,search/pagedetails.action?collectionCode=CPD&browsePath=2016%2F02&granuleId=&packageId=DCPD-201600085&fromBrowse=true,DCPD-201600085,2016
DCPD-201600086  - Remarks at an African American History Month Reception,"Addresses and Remarks. Thursday, February 18, 2016.",https://www.gpo.gov/fdsys/pkg/DCPD-201600086/pdf/DCPD-201600086.pdf,https://www.gpo.gov/fdsys/pkg/DCPD-201600086/html/DCPD-201600086.htm,search/pagedetails.action?collectionCode=CPD&browsePath=2016%2F02&granuleId=&packageId=DCPD-201600086&fromBrowse=true,DCPD-201600086,2016
DCPD-201600087  - Remarks at a Democratic Governors Association Meeting,"Addresses and Remarks. Friday, February 19, 2016.",https://www.gpo.gov/fdsys/pkg/DCPD-201600087/pdf/DCPD-201600087.pdf,https://www.gpo.gov/fdsys/pkg/DCPD-201600087/html/DCPD-201600087.htm,search/pagedetails.action?collectionCode=CPD&browsePath=2016%2F02&granuleId=&packageId=DCPD-201600087&fromBrowse=true,DCPD-201600087,2016
DCPD-201600088  - The President's Weekly Address,"Addresses and Remarks. Saturday, February 20, 2016.",https://www.gpo.gov/fdsys/pkg/DCPD-201600088/pdf/DCPD-201600088.pdf,https://www.gpo.gov/fdsys/pkg/DCPD-201600088/html/DCPD-201600088.htm,search/pagedetails.action?collectionCode=CPD&browsePath=2016%2F02&granuleId=&packageId=DCPD-201600088&fromBrowse=true,DCPD-201600088,2016
DCPD-201600089  - Remarks at the National Governors Association Dinner,"Addresses and Remarks. Sunday, February 21, 2016.",https://www.gpo.gov/fdsys/pkg/DCPD-201600089/pdf/DCPD-201600089.pdf,https://www.gpo.gov/fdsys/pkg/DCPD-201600089/html/DCPD-201600089.htm,search/pagedetails.action?collectionCode=CPD&browsePath=2016%2F02&granuleId=&packageId=DCPD-201600089&fromBrowse=true,DCPD-201600089,2016
DCPD-201600090  - Remarks to the National Governors Association and a Question-and-Answer Session,"Addresses and Remarks. Monday, February 22, 2016.",https://www.gpo.gov/fdsys/pkg/DCPD-201600090/pdf/DCPD-201600090.pdf,https://www.gpo.gov/fdsys/pkg/DCPD-201600090/html/DCPD-201600090.htm,search/pagedetails.action?collectionCode=CPD&browsePath=2016%2F02&granuleId=&packageId=DCPD-201600090&fromBrowse=true,DCPD-201600090,2016
DCPD-201600091  - Notice-Continuation of the National Emergency With Respect to Libya,"Notices. Monday, February 22, 2016.",https://www.gpo.gov/fdsys/pkg/DCPD-201600091/pdf/DCPD-201600091.pdf,https://www.gpo.gov/fdsys/pkg/DCPD-201600091/html/DCPD-201600091.htm,search/pagedetails.action?collectionCode=CPD&browsePath=2016%2F02&granuleId=&packageId=DCPD-201600091&fromBrowse=true,DCPD-201600091,2016
DCPD-201600092  - Letter to Congressional Leaders on Continuation of the National Emergency With Respect to Libya,"Communications to Congress. Monday, February 22, 2016.",https://www.gpo.gov/fdsys/pkg/DCPD-201600092/pdf/DCPD-201600092.pdf,https://www.gpo.gov/fdsys/pkg/DCPD-201600092/html/DCPD-201600092.htm,search/pagedetails.action?collectionCode=CPD&browsePath=2016%2F02&granuleId=&packageId=DCPD-201600092&fromBrowse=true,DCPD-201600092,2016
DCPD-201600093  - Letter to the Speaker of the House of Representatives Transmitting a Supplemental Budget Request...,"Communications to Congress. Monday, February 22, 2016.",https://www.gpo.gov/fdsys/pkg/DCPD-201600093/pdf/DCPD-201600093.pdf,https://www.gpo.gov/fdsys/pkg/DCPD-201600093/html/DCPD-201600093.htm,search/pagedetails.action?collectionCode=CPD&browsePath=2016%2F02&granuleId=&packageId=DCPD-201600093&fromBrowse=true,DCPD-201600093,2016
"DCPD-201600094  - Remarks on Closing the Detention Facilities at the United States Naval Base in Guantanamo Bay, Cuba","Addresses and Remarks. Tuesday, February 23, 2016.",https://www.gpo.gov/fdsys/pkg/DCPD-201600094/pdf/DCPD-201600094.pdf,https://www.gpo.gov/fdsys/pkg/DCPD-201600094/html/DCPD-201600094.htm,search/pagedetails.action?collectionCode=CPD&browsePath=2016%2F02&granuleId=&packageId=DCPD-201600094&fromBrowse=true,DCPD-201600094,2016
DCPD-201600095  - Remarks Following a Meeting With King Abdullah II of Jordan and an Exchange With Reporters,"Interviews With the News Media. Wednesday, February 24, 2016.",https://www.gpo.gov/fdsys/pkg/DCPD-201600095/pdf/DCPD-201600095.pdf,https://www.gpo.gov/fdsys/pkg/DCPD-201600095/html/DCPD-201600095.htm,search/pagedetails.action?collectionCode=CPD&browsePath=2016%2F02&granuleId=&packageId=DCPD-201600095&fromBrowse=true,DCPD-201600095,2016
DCPD-201600096  - Remarks on Signing the Judicial Redress Act of 2015,"Bill Signings and Vetoes. Wednesday, February 24, 2016.",https://www.gpo.gov/fdsys/pkg/DCPD-201600096/pdf/DCPD-201600096.pdf,https://www.gpo.gov/fdsys/pkg/DCPD-201600096/html/DCPD-201600096.htm,search/pagedetails.action?collectionCode=CPD&browsePath=2016%2F02&granuleId=&packageId=DCPD-201600096&fromBrowse=true,DCPD-201600096,2016
DCPD-201600097  - Remarks on Signing the Trade Facilitation and Trade Enforcement Act of 2015,"Bill Signings and Vetoes. Wednesday, February 24, 2016.",https://www.gpo.gov/fdsys/pkg/DCPD-201600097/pdf/DCPD-201600097.pdf,https://www.gpo.gov/fdsys/pkg/DCPD-201600097/html/DCPD-201600097.htm,search/pagedetails.action?collectionCode=CPD&browsePath=2016%2F02&granuleId=&packageId=DCPD-201600097&fromBrowse=true,DCPD-201600097,2016
DCPD-201600098  - Statement on Signing the Trade Facilitation and Trade Enforcement Act of 2015,"Bill Signings and Vetoes. Wednesday, February 24, 2016.",https://www.gpo.gov/fdsys/pkg/DCPD-201600098/pdf/DCPD-201600098.pdf,https://www.gpo.gov/fdsys/pkg/DCPD-201600098/html/DCPD-201600098.htm,search/pagedetails.action?collectionCode=CPD&browsePath=2016%2F02&granuleId=&packageId=DCPD-201600098&fromBrowse=true,DCPD-201600098,2016
DCPD-201600099  - Proclamation 9398-Modifying and Continuing the National Emergency With Respect to Cuba and...,"Proclamations. Wednesday, February 24, 2016.",https://www.gpo.gov/fdsys/pkg/DCPD-201600099/pdf/DCPD-201600099.pdf,https://www.gpo.gov/fdsys/pkg/DCPD-201600099/html/DCPD-201600099.htm,search/pagedetails.action?collectionCode=CPD&browsePath=2016%2F02&granuleId=&packageId=DCPD-201600099&fromBrowse=true,DCPD-201600099,2016
DCPD-201600100  - Message to the Congress on Modifying and Continuing the National Emergency With Respect to Cuba...,"Communications to Congress. Wednesday, February 24, 2016.",https://www.gpo.gov/fdsys/pkg/DCPD-201600100/pdf/DCPD-201600100.pdf,https://www.gpo.gov/fdsys/pkg/DCPD-201600100/html/DCPD-201600100.htm,search/pagedetails.action?collectionCode=CPD&browsePath=2016%2F02&granuleId=&packageId=DCPD-201600100&fromBrowse=true,DCPD-201600100,2016
"DCPD-201600101  - Remarks at PBS's ""A Tribute to Ray Charles: In Performance at the White House""","Addresses and Remarks. Wednesday, February 24, 2016.",https://www.gpo.gov/fdsys/pkg/DCPD-201600101/pdf/DCPD-201600101.pdf,https://www.gpo.gov/fdsys/pkg/DCPD-201600101/html/DCPD-201600101.htm,search/pagedetails.action?collectionCode=CPD&browsePath=2016%2F02&granuleId=&packageId=DCPD-201600101&fromBrowse=true,DCPD-201600101,2016
DCPD-201600102  - Remarks During a Panel Discussion on Precision Medicine,"Addresses and Remarks. Thursday, February 25, 2016.",https://www.gpo.gov/fdsys/pkg/DCPD-201600102/pdf/DCPD-201600102.pdf,https://www.gpo.gov/fdsys/pkg/DCPD-201600102/html/DCPD-201600102.htm,search/pagedetails.action?collectionCode=CPD&browsePath=2016%2F02&granuleId=&packageId=DCPD-201600102&fromBrowse=true,DCPD-201600102,2016
DCPD-201600103  - Remarks on United States Efforts To Combat the Islamic State of Iraq and the Levant (ISIL...,"Addresses and Remarks. Thursday, February 25, 2016.",https://www.gpo.gov/fdsys/pkg/DCPD-201600103/pdf/DCPD-201600103.pdf,https://www.gpo.gov/fdsys/pkg/DCPD-201600103/html/DCPD-201600103.htm,search/pagedetails.action?collectionCode=CPD&browsePath=2016%2F02&granuleId=&packageId=DCPD-201600103&fromBrowse=true,DCPD-201600103,2016
DCPD-201600104  - Remarks on the Seventh Anniversary of the American Recovery and Reinvestment Act of 2009 in...,"Addresses and Remarks. Friday, February 26, 2016.",https://www.gpo.gov/fdsys/pkg/DCPD-201600104/pdf/DCPD-201600104.pdf,https://www.gpo.gov/fdsys/pkg/DCPD-201600104/html/DCPD-201600104.htm,search/pagedetails.action?collectionCode=CPD&browsePath=2016%2F02&granuleId=&packageId=DCPD-201600104&fromBrowse=true,DCPD-201600104,2016
DCPD-201600105  - Executive Order 13720-Delegation of Certain Authorities and Assignment of Certain Functions under...,"Executive Orders. Friday, February 26, 2016.",https://www.gpo.gov/fdsys/pkg/DCPD-201600105/pdf/DCPD-201600105.pdf,https://www.gpo.gov/fdsys/pkg/DCPD-201600105/html/DCPD-201600105.htm,search/pagedetails.action?collectionCode=CPD&browsePath=2016%2F02&granuleId=&packageId=DCPD-201600105&fromBrowse=true,DCPD-201600105,2016
DCPD-201600106  - The President's Weekly Address,"Addresses and Remarks. Saturday, February 27, 2016.",https://www.gpo.gov/fdsys/pkg/DCPD-201600106/pdf/DCPD-201600106.pdf,https://www.gpo.gov/fdsys/pkg/DCPD-201600106/html/DCPD-201600106.htm,search/pagedetails.action?collectionCode=CPD&browsePath=2016%2F02&granuleId=&packageId=DCPD-201600106&fromBrowse=true,DCPD-201600106,2016
"DCPD-201600107  - Remarks on Presenting the Medal of Honor to Senior Chief Petty Officer Edward C. Byers, Jr.","Addresses and Remarks. Monday, February 29, 2016.",https://www.gpo.gov/fdsys/pkg/DCPD-201600107/pdf/DCPD-201600107.pdf,https://www.gpo.gov/fdsys/pkg/DCPD-201600107/html/DCPD-201600107.htm,search/pagedetails.action?collectionCode=CPD&browsePath=2016%2F02&granuleId=&packageId=DCPD-201600107&fromBrowse=true,DCPD-201600107,2016
"DCPD-201600108  - Proclamation 9399-American Red Cross Month, 2016","Proclamations. Monday, February 29, 2016.",https://www.gpo.gov/fdsys/pkg/DCPD-201600108/pdf/DCPD-201600108.pdf,https://www.gpo.gov/fdsys/pkg/DCPD-201600108/html/DCPD-201600108.htm,search/pagedetails.action?collectionCode=CPD&browsePath=2016%2F02&granuleId=&packageId=DCPD-201600108&fromBrowse=true,DCPD-201600108,2016
"DCPD-201600109  - Proclamation 9400-Irish-American Heritage Month, 2016","Proclamations. Monday, February 29, 2016.",https://www.gpo.gov/fdsys/pkg/DCPD-201600109/pdf/DCPD-201600109.pdf,https://www.gpo.gov/fdsys/pkg/DCPD-201600109/html/DCPD-201600109.htm,search/pagedetails.action?collectionCode=CPD&browsePath=2016%2F02&granuleId=&packageId=DCPD-201600109&fromBrowse=true,DCPD-201600109,2016
"DCPD-201600110  - Proclamation 9401-National Colorectal Cancer Awareness Month, 2016","Proclamations. Monday, February 29, 2016.",https://www.gpo.gov/fdsys/pkg/DCPD-201600110/pdf/DCPD-201600110.pdf,https://www.gpo.gov/fdsys/pkg/DCPD-201600110/html/DCPD-201600110.htm,search/pagedetails.action?collectionCode=CPD&browsePath=2016%2F02&granuleId=&packageId=DCPD-201600110&fromBrowse=true,DCPD-201600110,2016
"DCPD-201600111  - Proclamation 9402-Women's History Month, 2016","Proclamations. Monday, February 29, 2016.",https://www.gpo.gov/fdsys/pkg/DCPD-201600111/pdf/DCPD-201600111.pdf,https://www.gpo.gov/fdsys/pkg/DCPD-201600111/html/DCPD-201600111.htm,search/pagedetails.action?collectionCode=CPD&browsePath=2016%2F02&granuleId=&packageId=DCPD-201600111&fromBrowse=true,DCPD-201600111,2016
"DCPD-201600112  - Proclamation 9403-Read Across America Day, 2016","Proclamations. Tuesday, March 1, 2016.",https://www.gpo.gov/fdsys/pkg/DCPD-201600112/pdf/DCPD-201600112.pdf,https://www.gpo.gov/fdsys/pkg/DCPD-201600112/html/DCPD-201600112.htm,search/pagedetails.action?collectionCode=CPD&browsePath=2016%2F03&granuleId=&packageId=DCPD-201600112&fromBrowse=true,DCPD-201600112,2016
DCPD-201600113  - Memorandum on Limiting the Use of Restrictive Housing by the Federal Government,"Communications to Federal Agencies. Tuesday, March 1, 2016.",https://www.gpo.gov/fdsys/pkg/DCPD-201600113/pdf/DCPD-201600113.pdf,https://www.gpo.gov/fdsys/pkg/DCPD-201600113/html/DCPD-201600113.htm,search/pagedetails.action?collectionCode=CPD&browsePath=2016%2F03&granuleId=&packageId=DCPD-201600113&fromBrowse=true,DCPD-201600113,2016
DCPD-201600114  - Remarks Honoring the 2015 College Football Playoff National Champion University of Alabama...,"Addresses and Remarks. Wednesday, March 2, 2016.",https://www.gpo.gov/fdsys/pkg/DCPD-201600114/pdf/DCPD-201600114.pdf,https://www.gpo.gov/fdsys/pkg/DCPD-201600114/html/DCPD-201600114.htm,search/pagedetails.action?collectionCode=CPD&browsePath=2016%2F03&granuleId=&packageId=DCPD-201600114&fromBrowse=true,DCPD-201600114,2016
DCPD-201600115  - Statement on United Nations Security Council Sanctions Against North Korea,"Statements by the President. Wednesday, March 2, 2016.",https://www.gpo.gov/fdsys/pkg/DCPD-201600115/pdf/DCPD-201600115.pdf,https://www.gpo.gov/fdsys/pkg/DCPD-201600115/html/DCPD-201600115.htm,search/pagedetails.action?collectionCode=CPD&browsePath=2016%2F03&granuleId=&packageId=DCPD-201600115&fromBrowse=true,DCPD-201600115,2016
DCPD-201600116  - Statement on the Oregon Legislature's Passage of Legislation To Raise the Minimum Wage,"Statements by the President. Wednesday, March 2, 2016.",https://www.gpo.gov/fdsys/pkg/DCPD-201600116/pdf/DCPD-201600116.pdf,https://www.gpo.gov/fdsys/pkg/DCPD-201600116/html/DCPD-201600116.htm,search/pagedetails.action?collectionCode=CPD&browsePath=2016%2F03&granuleId=&packageId=DCPD-201600116&fromBrowse=true,DCPD-201600116,2016
DCPD-201600117  - Notice-Continuation of the National Emergency With Respect to Ukraine,"Notices. Wednesday, March 2, 2016.",https://www.gpo.gov/fdsys/pkg/DCPD-201600117/pdf/DCPD-201600117.pdf,https://www.gpo.gov/fdsys/pkg/DCPD-201600117/html/DCPD-201600117.htm,search/pagedetails.action?collectionCode=CPD&browsePath=2016%2F03&granuleId=&packageId=DCPD-201600117&fromBrowse=true,DCPD-201600117,2016
DCPD-201600118  - Message to the Congress on Continuation of the National Emergency With Respect to Ukraine,"Communications to Congress. Wednesday, March 2, 2016.",https://www.gpo.gov/fdsys/pkg/DCPD-201600118/pdf/DCPD-201600118.pdf,https://www.gpo.gov/fdsys/pkg/DCPD-201600118/html/DCPD-201600118.htm,search/pagedetails.action?collectionCode=CPD&browsePath=2016%2F03&granuleId=&packageId=DCPD-201600118&fromBrowse=true,DCPD-201600118,2016
DCPD-201600119  - Notice-Continuation of the National Emergency With Respect to Zimbabwe,"Notices. Wednesday, March 2, 2016.",https://www.gpo.gov/fdsys/pkg/DCPD-201600119/pdf/DCPD-201600119.pdf,https://www.gpo.gov/fdsys/pkg/DCPD-201600119/html/DCPD-201600119.htm,search/pagedetails.action?collectionCode=CPD&browsePath=2016%2F03&granuleId=&packageId=DCPD-201600119&fromBrowse=true,DCPD-201600119,2016
DCPD-201600120  - Message to the Congress on Continuation of the National Emergency With Respect to Zimbabwe,"Communications to Congress. Wednesday, March 2, 2016.",https://www.gpo.gov/fdsys/pkg/DCPD-201600120/pdf/DCPD-201600120.pdf,https://www.gpo.gov/fdsys/pkg/DCPD-201600120/html/DCPD-201600120.htm,search/pagedetails.action?collectionCode=CPD&browsePath=2016%2F03&granuleId=&packageId=DCPD-201600120&fromBrowse=true,DCPD-201600120,2016
"DCPD-201600121  - Remarks on the Patient Protection and Affordable Care Act in Milwaukee, Wisconsin","Addresses and Remarks. Thursday, March 3, 2016.",https://www.gpo.gov/fdsys/pkg/DCPD-201600121/pdf/DCPD-201600121.pdf,https://www.gpo.gov/fdsys/pkg/DCPD-201600121/html/DCPD-201600121.htm,search/pagedetails.action?collectionCode=CPD&browsePath=2016%2F03&granuleId=&packageId=DCPD-201600121&fromBrowse=true,DCPD-201600121,2016
DCPD-201600122  - Notice-Continuation of the National Emergency With Respect to Venezuela,"Notices. Thursday, March 3, 2016.",https://www.gpo.gov/fdsys/pkg/DCPD-201600122/pdf/DCPD-201600122.pdf,https://www.gpo.gov/fdsys/pkg/DCPD-201600122/html/DCPD-201600122.htm,search/pagedetails.action?collectionCode=CPD&browsePath=2016%2F03&granuleId=&packageId=DCPD-201600122&fromBrowse=true,DCPD-201600122,2016
DCPD-201600123  - Letter to Congressional Leaders on Continuation of the National Emergency With Respect to Venezuela,"Communications to Congress. Thursday, March 3, 2016.",https://www.gpo.gov/fdsys/pkg/DCPD-201600123/pdf/DCPD-201600123.pdf,https://www.gpo.gov/fdsys/pkg/DCPD-201600123/html/DCPD-201600123.htm,search/pagedetails.action?collectionCode=CPD&browsePath=2016%2F03&granuleId=&packageId=DCPD-201600123&fromBrowse=true,DCPD-201600123,2016
DCPD-201600124  - Remarks on the National Economy,"Addresses and Remarks. Friday, March 4, 2016.",https://www.gpo.gov/fdsys/pkg/DCPD-201600124/pdf/DCPD-201600124.pdf,https://www.gpo.gov/fdsys/pkg/DCPD-201600124/html/DCPD-201600124.htm,search/pagedetails.action?collectionCode=CPD&browsePath=2016%2F03&granuleId=&packageId=DCPD-201600124&fromBrowse=true,DCPD-201600124,2016
"DCPD-201600125  - Proclamation 9404-National Consumer Protection Week, 2016","Proclamations. Friday, March 4, 2016.",https://www.gpo.gov/fdsys/pkg/DCPD-201600125/pdf/DCPD-201600125.pdf,https://www.gpo.gov/fdsys/pkg/DCPD-201600125/html/DCPD-201600125.htm,search/pagedetails.action?collectionCode=CPD&browsePath=2016%2F03&granuleId=&packageId=DCPD-201600125&fromBrowse=true,DCPD-201600125,2016
DCPD-201600126  - The President's Weekly Address,"Addresses and Remarks. Saturday, March 5, 2016.",https://www.gpo.gov/fdsys/pkg/DCPD-201600126/pdf/DCPD-201600126.pdf,https://www.gpo.gov/fdsys/pkg/DCPD-201600126/html/DCPD-201600126.htm,search/pagedetails.action?collectionCode=CPD&browsePath=2016%2F03&granuleId=&packageId=DCPD-201600126&fromBrowse=true,DCPD-201600126,2016
DCPD-201600127  - Statement on the Death of Former First Lady Nancy Davis Reagan,"Statements by the President. Sunday, March 6, 2016.",https://www.gpo.gov/fdsys/pkg/DCPD-201600127/pdf/DCPD-201600127.pdf,https://www.gpo.gov/fdsys/pkg/DCPD-201600127/html/DCPD-201600127.htm,search/pagedetails.action?collectionCode=CPD&browsePath=2016%2F03&granuleId=&packageId=DCPD-201600127&fromBrowse=true,DCPD-201600127,2016
DCPD-201600128  - Remarks Following a Meeting on Financial Regulatory Reform and an Exchange With Reporters,"Addresses and Remarks. Monday, March 7, 2016.",https://www.gpo.gov/fdsys/pkg/DCPD-201600128/pdf/DCPD-201600128.pdf,https://www.gpo.gov/fdsys/pkg/DCPD-201600128/html/DCPD-201600128.htm,search/pagedetails.action?collectionCode=CPD&browsePath=2016%2F03&granuleId=&packageId=DCPD-201600128&fromBrowse=true,DCPD-201600128,2016
DCPD-201600129  - Proclamation 9405-Death of Nancy Reagan,"Proclamations. Monday, March 7, 2016.",https://www.gpo.gov/fdsys/pkg/DCPD-201600129/pdf/DCPD-201600129.pdf,https://www.gpo.gov/fdsys/pkg/DCPD-201600129/html/DCPD-201600129.htm,search/pagedetails.action?collectionCode=CPD&browsePath=2016%2F03&granuleId=&packageId=DCPD-201600129&fromBrowse=true,DCPD-201600129,2016
DCPD-201600130  - Statement on International Women's Day,"Statements by the President. Tuesday, March 8, 2016.",https://www.gpo.gov/fdsys/pkg/DCPD-201600130/pdf/DCPD-201600130.pdf,https://www.gpo.gov/fdsys/pkg/DCPD-201600130/html/DCPD-201600130.htm,search/pagedetails.action?collectionCode=CPD&browsePath=2016%2F03&granuleId=&packageId=DCPD-201600130&fromBrowse=true,DCPD-201600130,2016
DCPD-201600131  - Statement on the Vermont Legislature's Passage of Legislation Requiring Employers To Provide Paid...,"Statements by the President. Wednesday, March 9, 2016.",https://www.gpo.gov/fdsys/pkg/DCPD-201600131/pdf/DCPD-201600131.pdf,https://www.gpo.gov/fdsys/pkg/DCPD-201600131/html/DCPD-201600131.htm,search/pagedetails.action?collectionCode=CPD&browsePath=2016%2F03&granuleId=&packageId=DCPD-201600131&fromBrowse=true,DCPD-201600131,2016
DCPD-201600132  - Notice-Continuation of the National Emergency With Respect to Iran,"Notices. Wednesday, March 9, 2016.",https://www.gpo.gov/fdsys/pkg/DCPD-201600132/pdf/DCPD-201600132.pdf,https://www.gpo.gov/fdsys/pkg/DCPD-201600132/html/DCPD-201600132.htm,search/pagedetails.action?collectionCode=CPD&browsePath=2016%2F03&granuleId=&packageId=DCPD-201600132&fromBrowse=true,DCPD-201600132,2016
DCPD-201600133  - Letter to Congressional Leaders on Continuation of the National Emergency With Respect to Iran,"Communications to Congress. Wednesday, March 9, 2016.",https://www.gpo.gov/fdsys/pkg/DCPD-201600133/pdf/DCPD-201600133.pdf,https://www.gpo.gov/fdsys/pkg/DCPD-201600133/html/DCPD-201600133.htm,search/pagedetails.action?collectionCode=CPD&browsePath=2016%2F03&granuleId=&packageId=DCPD-201600133&fromBrowse=true,DCPD-201600133,2016
DCPD-201600134  - Remarks at a Welcoming Ceremony for Prime Minister Justin P.J. Trudeau of Canada,"Meetings With Foreign Leaders and International Officials. Thursday, March 10, 2016.",https://www.gpo.gov/fdsys/pkg/DCPD-201600134/pdf/DCPD-201600134.pdf,https://www.gpo.gov/fdsys/pkg/DCPD-201600134/html/DCPD-201600134.htm,search/pagedetails.action?collectionCode=CPD&browsePath=2016%2F03&granuleId=&packageId=DCPD-201600134&fromBrowse=true,DCPD-201600134,2016
DCPD-201600135  - The President's News Conference With Prime Minister Justin P.J. Trudeau of Canada,"Interviews With the News Media. Thursday, March 10, 2016.",https://www.gpo.gov/fdsys/pkg/DCPD-201600135/pdf/DCPD-201600135.pdf,https://www.gpo.gov/fdsys/pkg/DCPD-201600135/html/DCPD-201600135.htm,search/pagedetails.action?collectionCode=CPD&browsePath=2016%2F03&granuleId=&packageId=DCPD-201600135&fromBrowse=true,DCPD-201600135,2016
DCPD-201600136  - Joint Statement by President Obama and Prime Minister Justin P.J. Trudeau of Canada on Climate...,"Joint Statements. Thursday, March 10, 2016.",https://www.gpo.gov/fdsys/pkg/DCPD-201600136/pdf/DCPD-201600136.pdf,https://www.gpo.gov/fdsys/pkg/DCPD-201600136/html/DCPD-201600136.htm,search/pagedetails.action?collectionCode=CPD&browsePath=2016%2F03&granuleId=&packageId=DCPD-201600136&fromBrowse=true,DCPD-201600136,2016
DCPD-201600137  - Remarks at a State Dinner Honoring Prime Minister Justin P.J. Trudeau of Canada,"Meetings With Foreign Leaders and International Officials. Thursday, March 10, 2016.",https://www.gpo.gov/fdsys/pkg/DCPD-201600137/pdf/DCPD-201600137.pdf,https://www.gpo.gov/fdsys/pkg/DCPD-201600137/html/DCPD-201600137.htm,search/pagedetails.action?collectionCode=CPD&browsePath=2016%2F03&granuleId=&packageId=DCPD-201600137&fromBrowse=true,DCPD-201600137,2016
DCPD-201600138  - Remarks During a Question-and-Answer Session at the South by Southwest Interactive Festival in...,"Addresses and Remarks. Friday, March 11, 2016.",https://www.gpo.gov/fdsys/pkg/DCPD-201600138/pdf/DCPD-201600138.pdf,https://www.gpo.gov/fdsys/pkg/DCPD-201600138/html/DCPD-201600138.htm,search/pagedetails.action?collectionCode=CPD&browsePath=2016%2F03&granuleId=&packageId=DCPD-201600138&fromBrowse=true,DCPD-201600138,2016
"DCPD-201600139  - Remarks at a Democratic National Committee Reception in Austin, Texas","Addresses and Remarks. Friday, March 11, 2016.",https://www.gpo.gov/fdsys/pkg/DCPD-201600139/pdf/DCPD-201600139.pdf,https://www.gpo.gov/fdsys/pkg/DCPD-201600139/html/DCPD-201600139.htm,search/pagedetails.action?collectionCode=CPD&browsePath=2016%2F03&granuleId=&packageId=DCPD-201600139&fromBrowse=true,DCPD-201600139,2016
DCPD-201600140  - Memorandum on Delegation of Authority Under Section 11 of the Export-Import Bank Reauthorization...,"Communications to Federal Agencies. Friday, March 11, 2016.",https://www.gpo.gov/fdsys/pkg/DCPD-201600140/pdf/DCPD-201600140.pdf,https://www.gpo.gov/fdsys/pkg/DCPD-201600140/html/DCPD-201600140.htm,search/pagedetails.action?collectionCode=CPD&browsePath=2016%2F03&granuleId=&packageId=DCPD-201600140&fromBrowse=true,DCPD-201600140,2016
"DCPD-201600141  - Remarks at a Democratic National Committee Fundraiser in Austin, Texas","Addresses and Remarks. Friday, March 11, 2016.",https://www.gpo.gov/fdsys/pkg/DCPD-201600141/pdf/DCPD-201600141.pdf,https://www.gpo.gov/fdsys/pkg/DCPD-201600141/html/DCPD-201600141.htm,search/pagedetails.action?collectionCode=CPD&browsePath=2016%2F03&granuleId=&packageId=DCPD-201600141&fromBrowse=true,DCPD-201600141,2016
DCPD-201600142  - The President's Weekly Address,"Addresses and Remarks. Saturday, March 12, 2016.",https://www.gpo.gov/fdsys/pkg/DCPD-201600142/pdf/DCPD-201600142.pdf,https://www.gpo.gov/fdsys/pkg/DCPD-201600142/html/DCPD-201600142.htm,search/pagedetails.action?collectionCode=CPD&browsePath=2016%2F03&granuleId=&packageId=DCPD-201600142&fromBrowse=true,DCPD-201600142,2016
"DCPD-201600143  - Remarks at a Democratic Hope Fund Reception in Dallas, Texas","Addresses and Remarks. Saturday, March 12, 2016.",https://www.gpo.gov/fdsys/pkg/DCPD-201600143/pdf/DCPD-201600143.pdf,https://www.gpo.gov/fdsys/pkg/DCPD-201600143/html/DCPD-201600143.htm,search/pagedetails.action?collectionCode=CPD&browsePath=2016%2F03&granuleId=&packageId=DCPD-201600143&fromBrowse=true,DCPD-201600143,2016
"DCPD-201600144  - Remarks at a Democratic Senatorial Campaign Committee Fundraiser in Dallas, Texas","Addresses and Remarks. Saturday, March 12, 2016.",https://www.gpo.gov/fdsys/pkg/DCPD-201600144/pdf/DCPD-201600144.pdf,https://www.gpo.gov/fdsys/pkg/DCPD-201600144/html/DCPD-201600144.htm,search/pagedetails.action?collectionCode=CPD&browsePath=2016%2F03&granuleId=&packageId=DCPD-201600144&fromBrowse=true,DCPD-201600144,2016
DCPD-201600145  - Remarks at the Department of State's Global Chiefs of Mission Conference,"Addresses and Remarks. Monday, March 14, 2016.",https://www.gpo.gov/fdsys/pkg/DCPD-201600145/pdf/DCPD-201600145.pdf,https://www.gpo.gov/fdsys/pkg/DCPD-201600145/html/DCPD-201600145.htm,search/pagedetails.action?collectionCode=CPD&browsePath=2016%2F03&granuleId=&packageId=DCPD-201600145&fromBrowse=true,DCPD-201600145,2016
"DCPD-201600146  - Remarks Prior to a Musical Performance by Members of the Cast of ""Hamilton""","Addresses and Remarks. Monday, March 14, 2016.",https://www.gpo.gov/fdsys/pkg/DCPD-201600146/pdf/DCPD-201600146.pdf,https://www.gpo.gov/fdsys/pkg/DCPD-201600146/html/DCPD-201600146.htm,search/pagedetails.action?collectionCode=CPD&browsePath=2016%2F03&granuleId=&packageId=DCPD-201600146&fromBrowse=true,DCPD-201600146,2016
"DCPD-201600147  - Statement on Senate Confirmation of John B. King, Jr., as Secretary of Education","Statements by the President. Monday, March 14, 2016.",https://www.gpo.gov/fdsys/pkg/DCPD-201600147/pdf/DCPD-201600147.pdf,https://www.gpo.gov/fdsys/pkg/DCPD-201600147/html/DCPD-201600147.htm,search/pagedetails.action?collectionCode=CPD&browsePath=2016%2F03&granuleId=&packageId=DCPD-201600147&fromBrowse=true,DCPD-201600147,2016
DCPD-201600148  - Proclamation 9406-To Take Certain Actions Under the African Growth and Opportunity Act,"Proclamations. Monday, March 14, 2016.",https://www.gpo.gov/fdsys/pkg/DCPD-201600148/pdf/DCPD-201600148.pdf,https://www.gpo.gov/fdsys/pkg/DCPD-201600148/html/DCPD-201600148.htm,search/pagedetails.action?collectionCode=CPD&browsePath=2016%2F03&granuleId=&packageId=DCPD-201600148&fromBrowse=true,DCPD-201600148,2016
DCPD-201600149  - Executive Order 13721-Developing an Integrated Global Engagement Center To Support Government...,"Executive Orders. Monday, March 14, 2016.",https://www.gpo.gov/fdsys/pkg/DCPD-201600149/pdf/DCPD-201600149.pdf,https://www.gpo.gov/fdsys/pkg/DCPD-201600149/html/DCPD-201600149.htm,search/pagedetails.action?collectionCode=CPD&browsePath=2016%2F03&granuleId=&packageId=DCPD-201600149&fromBrowse=true,DCPD-201600149,2016
DCPD-201600150  - Remarks Following a Meeting With Prime Minister Enda Kenny of Ireland,"Meetings With Foreign Leaders and International Officials. Tuesday, March 15, 2016.",https://www.gpo.gov/fdsys/pkg/DCPD-201600150/pdf/DCPD-201600150.pdf,https://www.gpo.gov/fdsys/pkg/DCPD-201600150/html/DCPD-201600150.htm,search/pagedetails.action?collectionCode=CPD&browsePath=2016%2F03&granuleId=&packageId=DCPD-201600150&fromBrowse=true,DCPD-201600150,2016
DCPD-201600151  - Remarks at the Congressional Friends of Ireland Luncheon,"Addresses and Remarks. Tuesday, March 15, 2016.",https://www.gpo.gov/fdsys/pkg/DCPD-201600151/pdf/DCPD-201600151.pdf,https://www.gpo.gov/fdsys/pkg/DCPD-201600151/html/DCPD-201600151.htm,search/pagedetails.action?collectionCode=CPD&browsePath=2016%2F03&granuleId=&packageId=DCPD-201600151&fromBrowse=true,DCPD-201600151,2016
DCPD-201600152  - Remarks at a St. Patrick's Day Reception,"Addresses and Remarks. Tuesday, March 15, 2016.",https://www.gpo.gov/fdsys/pkg/DCPD-201600152/pdf/DCPD-201600152.pdf,https://www.gpo.gov/fdsys/pkg/DCPD-201600152/html/DCPD-201600152.htm,search/pagedetails.action?collectionCode=CPD&browsePath=2016%2F03&granuleId=&packageId=DCPD-201600152&fromBrowse=true,DCPD-201600152,2016
DCPD-201600153  - Statement on the Selection of a Nominee for United States Supreme Court Associate Justice,"Statements by the President. Wednesday, March 16, 2016.",https://www.gpo.gov/fdsys/pkg/DCPD-201600153/pdf/DCPD-201600153.pdf,https://www.gpo.gov/fdsys/pkg/DCPD-201600153/html/DCPD-201600153.htm,search/pagedetails.action?collectionCode=CPD&browsePath=2016%2F03&granuleId=&packageId=DCPD-201600153&fromBrowse=true,DCPD-201600153,2016
DCPD-201600154  - Remarks on the Nomination of Merrick B. Garland To Be a United States Supreme Court Associate...,"Appointments and Nominations. Wednesday, March 16, 2016.",https://www.gpo.gov/fdsys/pkg/DCPD-201600154/pdf/DCPD-201600154.pdf,https://www.gpo.gov/fdsys/pkg/DCPD-201600154/html/DCPD-201600154.htm,search/pagedetails.action?collectionCode=CPD&browsePath=2016%2F03&granuleId=&packageId=DCPD-201600154&fromBrowse=true,DCPD-201600154,2016
DCPD-201600155  - Remarks at a Women's History Month Reception,"Addresses and Remarks. Wednesday, March 16, 2016.",https://www.gpo.gov/fdsys/pkg/DCPD-201600155/pdf/DCPD-201600155.pdf,https://www.gpo.gov/fdsys/pkg/DCPD-201600155/html/DCPD-201600155.htm,search/pagedetails.action?collectionCode=CPD&browsePath=2016%2F03&granuleId=&packageId=DCPD-201600155&fromBrowse=true,DCPD-201600155,2016
DCPD-201600156  - Executive Order 13722-Blocking Property of the Government of North Korea and the Workers' Party...,"Executive Orders. Tuesday, March 15, 2016.",https://www.gpo.gov/fdsys/pkg/DCPD-201600156/pdf/DCPD-201600156.pdf,https://www.gpo.gov/fdsys/pkg/DCPD-201600156/html/DCPD-201600156.htm,search/pagedetails.action?collectionCode=CPD&browsePath=2016%2F03&granuleId=&packageId=DCPD-201600156&fromBrowse=true,DCPD-201600156,2016
DCPD-201600157  - Message to the Congress on Blocking Property of the Government of North Korea and the Workers...,"Communications to Congress. Tuesday, March 15, 2016.",https://www.gpo.gov/fdsys/pkg/DCPD-201600157/pdf/DCPD-201600157.pdf,https://www.gpo.gov/fdsys/pkg/DCPD-201600157/html/DCPD-201600157.htm,search/pagedetails.action?collectionCode=CPD&browsePath=2016%2F03&granuleId=&packageId=DCPD-201600157&fromBrowse=true,DCPD-201600157,2016
DCPD-201600158  - Remarks During a Teleconference Call on the Nomination of Merrick B. Garland To Be a United...,"Appointments and Nominations. Thursday, March 17, 2016.",https://www.gpo.gov/fdsys/pkg/DCPD-201600158/pdf/DCPD-201600158.pdf,https://www.gpo.gov/fdsys/pkg/DCPD-201600158/html/DCPD-201600158.htm,search/pagedetails.action?collectionCode=CPD&browsePath=2016%2F03&granuleId=&packageId=DCPD-201600158&fromBrowse=true,DCPD-201600158,2016
DCPD-201600159  - Message to the Senate Transmitting the Kazakhstan-United States Treaty on Mutual Legal Assistance...,"Communications to Congress. Thursday, March 17, 2016.",https://www.gpo.gov/fdsys/pkg/DCPD-201600159/pdf/DCPD-201600159.pdf,https://www.gpo.gov/fdsys/pkg/DCPD-201600159/html/DCPD-201600159.htm,search/pagedetails.action?collectionCode=CPD&browsePath=2016%2F03&granuleId=&packageId=DCPD-201600159&fromBrowse=true,DCPD-201600159,2016
"DCPD-201600160  - Proclamation 9407-National Poison Prevention Week, 2016","Proclamations. Friday, March 18, 2016.",https://www.gpo.gov/fdsys/pkg/DCPD-201600160/pdf/DCPD-201600160.pdf,https://www.gpo.gov/fdsys/pkg/DCPD-201600160/html/DCPD-201600160.htm,search/pagedetails.action?collectionCode=CPD&browsePath=2016%2F03&granuleId=&packageId=DCPD-201600160&fromBrowse=true,DCPD-201600160,2016
DCPD-201600161  - Memorandum on Delegation of Authority Pursuant to Section 102(b) of the Hizballah International...,"Communications to Federal Agencies. Friday, March 18, 2016.",https://www.gpo.gov/fdsys/pkg/DCPD-201600161/pdf/DCPD-201600161.pdf,https://www.gpo.gov/fdsys/pkg/DCPD-201600161/html/DCPD-201600161.htm,search/pagedetails.action?collectionCode=CPD&browsePath=2016%2F03&granuleId=&packageId=DCPD-201600161&fromBrowse=true,DCPD-201600161,2016
"DCPD-201600162  - Memorandum on Delegation of Authority Pursuant to Sections 102(a), 102(c), 204, and 302 of the...","Communications to Federal Agencies. Friday, March 18, 2016.",https://www.gpo.gov/fdsys/pkg/DCPD-201600162/pdf/DCPD-201600162.pdf,https://www.gpo.gov/fdsys/pkg/DCPD-201600162/html/DCPD-201600162.htm,search/pagedetails.action?collectionCode=CPD&browsePath=2016%2F03&granuleId=&packageId=DCPD-201600162&fromBrowse=true,DCPD-201600162,2016
"DCPD-201600163  - Memorandum on Delegation of Authority Pursuant to Sections 101, 201, and 202 of the Hizballah...","Communications to Federal Agencies. Friday, March 18, 2016.",https://www.gpo.gov/fdsys/pkg/DCPD-201600163/pdf/DCPD-201600163.pdf,https://www.gpo.gov/fdsys/pkg/DCPD-201600163/html/DCPD-201600163.htm,search/pagedetails.action?collectionCode=CPD&browsePath=2016%2F03&granuleId=&packageId=DCPD-201600163&fromBrowse=true,DCPD-201600163,2016
DCPD-201600164  - Memorandum on Delegation of Authority Pursuant to Section 3139(a) and (b) of the National Defense...,"Communications to Federal Agencies. Friday, March 18, 2016.",https://www.gpo.gov/fdsys/pkg/DCPD-201600164/pdf/DCPD-201600164.pdf,https://www.gpo.gov/fdsys/pkg/DCPD-201600164/html/DCPD-201600164.htm,search/pagedetails.action?collectionCode=CPD&browsePath=2016%2F03&granuleId=&packageId=DCPD-201600164&fromBrowse=true,DCPD-201600164,2016
DCPD-201600165  - Memorandum on Delegation of Authority Pursuant to Section 704 of the Consolidated Appropriations...,"Communications to Federal Agencies. Friday, March 18, 2016.",https://www.gpo.gov/fdsys/pkg/DCPD-201600165/pdf/DCPD-201600165.pdf,https://www.gpo.gov/fdsys/pkg/DCPD-201600165/html/DCPD-201600165.htm,search/pagedetails.action?collectionCode=CPD&browsePath=2016%2F03&granuleId=&packageId=DCPD-201600165&fromBrowse=true,DCPD-201600165,2016
DCPD-2016ACTSAPPROVED  - Acts Approved by the President,"Supplementary Materials. Friday, March 18, 2016.",https://www.gpo.gov/fdsys/pkg/DCPD-2016ACTSAPPROVED/pdf/DCPD-2016ACTSAPPROVED.pdf,https://www.gpo.gov/fdsys/pkg/DCPD-2016ACTSAPPROVED/html/DCPD-2016ACTSAPPROVED.htm,search/pagedetails.action?collectionCode=CPD&browsePath=2016%2F03&granuleId=&packageId=DCPD-2016ACTSAPPROVED&fromBrowse=true,DCPD-2016ACTSAPPROVED,2016
DCPD-2016CHECKLIST  - Checklist of White House Press Releases,"Supplementary Materials. Friday, March 18, 2016.",https://www.gpo.gov/fdsys/pkg/DCPD-2016CHECKLIST/pdf/DCPD-2016CHECKLIST.pdf,https://www.gpo.gov/fdsys/pkg/DCPD-2016CHECKLIST/html/DCPD-2016CHECKLIST.htm,search/pagedetails.action?collectionCode=CPD&browsePath=2016%2F03&granuleId=&packageId=DCPD-2016CHECKLIST&fromBrowse=true,DCPD-2016CHECKLIST,2016
DCPD-2016DIGEST  - Digest of Other White House Announcements,"Supplementary Materials. Friday, March 18, 2016.",https://www.gpo.gov/fdsys/pkg/DCPD-2016DIGEST/pdf/DCPD-2016DIGEST.pdf,https://www.gpo.gov/fdsys/pkg/DCPD-2016DIGEST/html/DCPD-2016DIGEST.htm,search/pagedetails.action?collectionCode=CPD&browsePath=2016%2F03&granuleId=&packageId=DCPD-2016DIGEST&fromBrowse=true,DCPD-2016DIGEST,2016
DCPD-2016NOMINATIONS  - Nominations Submitted to the Senate,"Supplementary Materials. Friday, March 18, 2016.",https://www.gpo.gov/fdsys/pkg/DCPD-2016NOMINATIONS/pdf/DCPD-2016NOMINATIONS.pdf,https://www.gpo.gov/fdsys/pkg/DCPD-2016NOMINATIONS/html/DCPD-2016NOMINATIONS.htm,search/pagedetails.action?collectionCode=CPD&browsePath=2016%2F03&granuleId=&packageId=DCPD-2016NOMINATIONS&fromBrowse=true,DCPD-2016NOMINATIONS,2016
